id,first_name,last_name,email,gender,ip_address
1,Caprice,Liebermann,cliebermann0@elpais.com,Female,239.173.153.5
2,Winifield,Legon,wlegon1@meetup.com,Male,105.127.247.168
3,Josias,Fetherby,jfetherby2@rambler.ru,Male,153.20.136.155
4,Ronny,Gravenell,rgravenell3@hostgator.com,Female,129.238.2.46
5,Kaitlin,Clapson,kclapson4@prlog.org,Female,240.88.103.55
6,Malachi,Pentony,mpentony5@delicious.com,Male,223.155.164.180
7,Pearle,Harryman,pharryman6@bandcamp.com,Female,14.188.190.4
8,Kyle,Marrion,kmarrion7@oaic.gov.au,Female,33.120.216.168
9,Howey,Stiles,hstiles8@pcworld.com,Male,22.38.60.43
10,Elna,Codman,ecodman9@usgs.gov,Female,28.108.69.16
11,Dian,Bartoli,dbartolia@icio.us,Female,128.12.128.39
12,Marvin,Saladino,msaladinob@tamu.edu,Male,22.20.80.138
13,Garrek,Abeau,gabeauc@51.la,Male,10.86.178.252
14,Willetta,Walhedd,wwalheddd@webmd.com,Female,174.206.200.197
15,Dionysus,Dedenham,ddedenhame@topsy.com,Male,141.210.150.123
16,Teodoor,Boothby,tboothbyf@wikipedia.org,Male,159.5.49.142
17,Ikey,Cuttle,icuttleg@phpbb.com,Male,172.14.228.249
18,Jabez,Betteridge,jbetteridgeh@unicef.org,Male,43.125.231.255
19,Melesa,Peirpoint,mpeirpointi@odnoklassniki.ru,Female,217.92.132.55
20,Clemmy,Ivanchin,civanchinj@tiny.cc,Male,136.57.209.57
21,Frasco,Reddish,freddishk@devhub.com,Male,14.239.250.211
22,Alicea,Terne,aternel@tripadvisor.com,Female,61.239.38.242
23,Kyle,Whiteford,kwhitefordm@wikipedia.org,Female,1.27.175.188
24,Torrin,Ehlerding,tehlerdingn@eepurl.com,Male,86.94.56.77
25,Penelopa,Fidell,pfidello@reference.com,Female,59.170.76.210
26,Alexina,Hastilow,ahastilowp@irs.gov,Female,100.224.74.22
27,Kordula,Whyteman,kwhytemanq@mozilla.com,Female,201.193.1.17
28,Teodora,Bendall,tbendallr@weather.com,Female,14.124.32.104
29,Nicky,Jarrelt,njarrelts@go.com,Male,178.242.255.104
30,Bucky,Newman,bnewmant@state.gov,Male,40.74.183.43
31,Kandace,Rance,kranceu@joomla.org,Female,235.238.23.183
32,Gayla,Stigell,gstigellv@washingtonpost.com,Female,50.90.211.194
33,Candra,Grenshiels,cgrenshielsw@earthlink.net,Female,95.19.67.179
34,Gwenore,Chidzoy,gchidzoyx@pinterest.com,Female,206.63.110.192
35,Luise,Fairman,lfairmany@nbcnews.com,Female,219.113.255.48
36,Phillipp,Essberger,pessbergerz@godaddy.com,Male,162.232.13.229
37,Darlleen,Dranfield,ddranfield10@slate.com,Female,131.79.153.17
38,Creighton,Ruppert,cruppert11@devhub.com,Male,174.125.66.192
39,Juan,Gillicuddy,jgillicuddy12@example.com,Male,233.136.230.74
40,Renaud,Rauprich,rrauprich13@census.gov,Male,190.226.28.217
41,Barnie,Syson,bsyson14@ihg.com,Male,30.69.212.114
42,Aggie,Starrs,astarrs15@live.com,Female,79.240.242.93
43,Mollee,Hensmans,mhensmans16@shutterfly.com,Female,123.236.39.46
44,Kakalina,Hawker,khawker17@hibu.com,Female,116.151.100.68
45,Jessalyn,Yuille,jyuille18@yellowbook.com,Female,84.203.158.131
46,Johannes,Matushenko,jmatushenko19@yahoo.com,Male,65.95.61.214
47,Emelita,Fairholme,efairholme1a@yale.edu,Female,22.8.6.64
48,Hulda,Kineton,hkineton1b@lycos.com,Female,100.211.156.23
49,Celka,Grog,cgrog1c@yandex.ru,Female,227.161.79.22
50,Gil,Brounsell,gbrounsell1d@studiopress.com,Male,191.201.227.98
51,Bill,Willeman,bwilleman1e@booking.com,Female,128.95.165.217
52,Gustavus,Labbett,glabbett1f@alexa.com,Male,168.172.88.210
53,Arley,MacTrustrie,amactrustrie1g@yale.edu,Male,199.201.155.173
54,Rogerio,Di Frisco,rdifrisco1h@skyrock.com,Male,88.233.69.201
55,Dredi,Kenryd,dkenryd1i@moonfruit.com,Female,207.70.18.63
56,Chrystal,Haskey,chaskey1j@mlb.com,Female,165.229.195.177
57,Colene,Tryhorn,ctryhorn1k@ft.com,Female,73.196.99.190
58,Leontine,Scamadin,lscamadin1l@blogger.com,Female,174.192.71.56
59,Karin,Kingscote,kkingscote1m@de.vu,Female,46.140.82.5
60,Carena,Ewan,cewan1n@house.gov,Female,118.139.168.165
61,Glynis,Gash,ggash1o@accuweather.com,Female,99.180.169.60
62,Margalit,Bog,mbog1p@clickbank.net,Female,74.98.241.33
63,Hunfredo,Niblett,hniblett1q@ucsd.edu,Male,252.131.225.54
64,Maison,Koeppe,mkoeppe1r@elegantthemes.com,Male,213.131.230.0
65,Winfield,McDonogh,wmcdonogh1s@indiegogo.com,Male,208.124.138.139
66,Averil,Bellenger,abellenger1t@craigslist.org,Male,88.251.202.121
67,Lane,Fishby,lfishby1u@mapy.cz,Female,149.13.255.79
68,Ursala,De La Salle,udelasalle1v@comsenz.com,Female,69.242.157.98
69,Lela,Utteridge,lutteridge1w@ihg.com,Female,11.104.250.81
70,Ingelbert,Barkly,ibarkly1x@usda.gov,Male,193.79.252.199
71,Bo,Canto,bcanto1y@npr.org,Male,166.95.223.97
72,Axe,Mattioli,amattioli1z@paypal.com,Male,55.135.110.174
73,Bud,Ratnage,bratnage20@foxnews.com,Male,228.118.79.38
74,Gerhardt,Tredgold,gtredgold21@cpanel.net,Male,91.181.162.87
75,Thaxter,MacVanamy,tmacvanamy22@scribd.com,Male,94.126.244.127
76,Joelynn,Fishbourne,jfishbourne23@wikimedia.org,Female,50.149.38.243
77,Meryl,Bru,mbru24@ucsd.edu,Male,180.193.83.241
78,Emery,Woodruffe,ewoodruffe25@china.com.cn,Male,152.206.24.69
79,Germana,Guterson,gguterson26@intel.com,Female,68.160.25.149
80,Silvester,Keers,skeers27@scientificamerican.com,Male,44.50.46.218
81,Dacy,Harmar,dharmar28@last.fm,Female,166.62.26.10
82,Rutledge,Redgewell,rredgewell29@arstechnica.com,Male,20.61.199.26
83,Isabelle,Hugle,ihugle2a@umn.edu,Female,190.190.188.108
84,Ileane,Lothean,ilothean2b@jigsy.com,Female,112.213.232.125
85,Ardith,Arnaut,aarnaut2c@networksolutions.com,Female,106.217.251.91
86,Pietro,Davidovici,pdavidovici2d@toplist.cz,Male,56.53.43.188
87,Kristen,Shales,kshales2e@nba.com,Female,238.229.218.9
88,Court,Klimmek,cklimmek2f@fotki.com,Male,129.13.11.255
89,Chelsea,Shedden,cshedden2g@house.gov,Female,61.148.206.37
90,Jamie,Tenney,jtenney2h@163.com,Male,255.90.191.162
91,Jeni,Gasparro,jgasparro2i@mac.com,Female,248.224.67.65
92,Willdon,Mallabund,wmallabund2j@squarespace.com,Male,107.119.125.109
93,Ross,Algy,ralgy2k@newsvine.com,Male,136.195.76.230
94,Inigo,Diperaus,idiperaus2l@npr.org,Male,99.149.255.133
95,Mabelle,Ellicott,mellicott2m@columbia.edu,Female,198.69.123.236
96,Forrester,Loade,floade2n@wikispaces.com,Male,23.123.12.1
97,Natalya,Wood,nwood2o@ow.ly,Female,80.91.248.29
98,Ede,McQuarter,emcquarter2p@state.gov,Female,0.80.204.149
99,Kalie,Bomb,kbomb2q@1688.com,Female,61.60.96.77
100,Fairfax,Wonfor,fwonfor2r@psu.edu,Male,210.230.196.229
